al,dhtr-id,source,source-id,author-short,author-birth,author-death,author-name,author-gender,title-short,title-full,year-ref,year-first publ,year-creation,year-print source,year-digital source,genre,available-print,editor,(all)available-digital,(all)available-google ,format,(alternative Quelle),Full text,URN,Korpusgrenzen,Anmerkungen,,,,protagonists,narration,setting-place,Bibliographie-ID,Form (tei-Header),Wikidata-ID (tei-Header),Viaf-ID (tei-Header),spelling
"[für Romane in verschiedenen Bänden],,,,,,,,,,,,[Erstveröffentlichung],""[Produktionsjahr, das vor der Erstveröffentlichung liegen kann]"",,,,,,,,,,,,,,,,,,,,,,,,"
Ahlefeld_Erna,Ahlefeld_Erna,textgrid,hdl:11858/00-1734-0000-0001-D757-1,Ahlefeld,1781,1849,Charlotte von Ahlefeld,female,Erna,Erna,,1820,,1820,2011,,,,,,txt,,https://hdl.handle.net/11858/00-1734-0000-0001-D755-5,,,,,,,,,,,,,,
Ahlefeld_Marie,Ahlefeld_Marie,textgrid,hdl:11858/00-1734-0000-0001-D7E8-A,Ahlefeld,1781,1849,Charlotte von Ahlefeld,female,Marie,Marie Müller,,1799,,1799,2011,,,,,,txt,,https://hdl.handle.net/11858/00-1734-0000-0001-D7E9-8,,,,,,,,,,,,,,
"Arnim_Armut,Arnim_Armut,textgrid,hdl:11858/00-1734-0000-0002-0E34-0,Arnim,1781,1831,Achim von Arnim,male,Armut,""Armut, Reichtum, Schuld und Buße der Gräfin Dolores"",,1810,,1962,2011,,,,,,txt,,https://hdl.handle.net/11858/00-1734-0000-0002-0E34-0,,,,,,,,,,,,,,"
Armim_drei,Armim_drei,textgrid,hdl:11858/00-1734-0000-0002-0C91,Arnim,1781,1831,Achim von Arnim,male,drei,Die drei liebreichen Schwestern und der glückliche Färber,,1812,,1962,2011,,,,,,txt,,https://hdl.handle.net/11858/00-1734-0000-0002-0C93-A,,x,,,,,,,,,,,,
"Arnim_Invalide,Arnim_Invalide,dta,""Berlin ZLB, III 20011"",Arnim,1781,1831,Achim von Arnim,male,Invalide,Der tolle Invalide auf dem Fort Ratonneau,,1818,,1818,2007,,,,,,txt,,https://www.deutschestextarchiv.de/book/show/arnima_invalide_1818,urn:nbn:de:kobv:b4-2009051993,x,""erschienen in: Gaben der Milde, Bd 4, 75-124"",,,,,,,,,,,"
Arnim_Isabella,Arnim_Isabella,textgrid,hdl:11858/00-1734-0000-0002-09,Arnim,1781,1831,Achim von Arnim,male,Isabella,Isabella von Ägypten,,1812,,1962,2011,,,,,,txt,,https://hdl.handle.net/11858/00-1734-0000-0002-09BA-E,,,,,,,,,,,,,,
Arnim_Kronenwächter,Arnim_Kronenwächter1,textgrid,hdl:11858/00-1734-0000-0002-0B50-6,Arnim,1781,1831,Achim von Arnim,male,Kronenwächter,Die Kronenwächter Erster Band Bertholds Erstes und Zweites Leben,,1817,,1962,2011,,,,,,txt,,https://hdl.handle.net/11858/00-1734-0000-0002-1084-9,,,,,,,,,,,,,,
Arnim_Kronenwächter,Arnim_Kronenwächter2,textgrid,hdl:11858/00-1734-0000-0002-0B53-F,Arnim,1781,1831,Achim von Arnim,male,Kronenwächter,Die Kronenwächter Erster Band Bertholds Erstes und Zweites Leben,,1854,1812-1817,1962,2011,,,,,,txt,,https://hdl.handle.net/11858/00-1734-0000-0002-0B53-F,,,,,,,,,,,,,,
Arnim_Majoratsherren,Arnim_Majoratsherren,textgrid,hdl:11858/00-1734-0000-0002-0F2,Arnim,1781,1831,Achim von Arnim,male,Majoratsherren,Die Majoratsherren,,1820,,1962,2011,,,,,,txt,,https://hdl.handle.net/11858/00-1734-0000-0002-0F2A-F,,x,,,,,,,,,,,,
Brentano_Godwi,Brentano_Godwi,textgrid,hdl:11858/00-1734-0000-0002-40F8-C,Brentano,1778,1842,Clemens Brentano,male,Godwi,Godwi oder Das steinerne Bild der Mutter,,1802,1801-1802,1963,2012,,,,,,txt,,https://hdl.handle.net/11858/00-1734-0000-0002-40F6-0,,,,,,,,,,,,,,
"Campe_Robinson,Campe_Robinson1,dta,""SBB-PK, B VII, 24704-1 R"",Campe,1746,1818,Joachim Heinrich Campe,male,Robinson,Robinson der Jüngere,,1779,,1779,2008,,,,,,txt,,https://www.deutschestextarchiv.de/book/show/campe_robinson01_1779,urn:nbn:de:kobv:b4-20090519748,,,,,,,,,,,,,"
"Campe_Robinson,Campe_Robinson2,dta,""SBB-PK, B VII, 24704-2 R"",Campe,1746,1818,Joachim Heinrich Campe,male,Robinson,Robinson der Jüngere,,1780,,1780,2008,,,,,,txt,,https://www.deutschestextarchiv.de/book/show/campe_robinson02_1780,urn:nbn:de:kobv:b4-20090519755,,,,,,,,,,,,,"
Ehrmann_Amalie,Ehrmann_Amalie,textgrid,hdl:11858/00-1734-0000-0002-96CD-3,Ehrmann,1755,1795,Marianne Ehrmann,female,Amalie,Amalie. Eine wahre Geschichte in Briefen,,1788,,1788,2012,,,,,,txt,,https://hdl.handle.net/11858/00-1734-0000-0002-96CC-5,,,,,,,,,,,,,,
Ehrmann_Ninas,Ehrmann_Ninas,textgrid,hdl:11858/00-1734-0000-0002-96C5-4,Ehrmann,1755,1795,Marianne Ehrmann,female,Ninas,Ninas Briefe an ihren Geliebten,,1788,,1788,2012,,,,,,txt,,https://hdl.handle.net/11858/00-1734-0000-0002-96C6-2,,,,,,,,,,,,,,
"Eichendorff_Ahnung,Eichendorff_Ahnung,dta,""SBB-PK, 19 ZZ 3070"",Eichendorff,1788,1857,Joseph Freiherr von Eichendorff,male,Ahnung,Ahnung und Gegenwart,,1815,,1815,2008,,,,,,txt,,https://www.deutschestextarchiv.de/book/show/eichendorff_ahnung_1815,urn:nbn:de:kobv:b4-200905191098,,,,,,,,,,,,,"
Engel_Lorenz,Engel_Lorenz,textgrid,hdl:11858/00-1734-0000-0002-A157-3,Engel,1741,1802,Johann Jakob Engel,male,Lorenz,Herr Lorenz Stark,,1795,,1806,2012,,,,,,txt,,https://hdl.handle.net/11858/00-1734-0000-0002-A157-3,,,,,,,,,,,,,,
Fischer_Ca_Günstling,Fischer_Ca_Günstling,textgrid,hdl:11858/00-1734-0000-0002-A7D3-E,Fischer,1764,1842,Caroline Auguste Fischer,female,Günstling,Der Günstling,,1809,,1809,2012,,,,,,txt,,https://hdl.handle.net/11858/00-1734-0000-0002-A7D1-1,,,,,,,,,,,,,,
Fischer_Ca_Gustavs,Fischer_Ca_Gustavs,textgrid,hdl:11858/00-1734-0000-0002-A7D8-4,Fischer,1764,1842,Caroline Auguste Fischer,female,Gustavs,Gustavs Verirrungen,,1801,,1801,2012,,,,,,txt,,https://hdl.handle.net/11858/00-1734-0000-0002-A7D8-4,,,,,,,,,,,,,,
Fischer_Ca_Honigmonathe,Fischer_Ca_Honigmonathe,textgrid,hdl:11858/00-1734-0000-0002-A7CF-9,Fischer,1764,1842,Caroline Auguste Fischer,female,Honigmonathe,Die Honigmonathe,,1802,,1802,2012,,,,,,txt,,https://hdl.handle.net/11858/00-1734-0000-0002-A7CF-9,,,,,,,,,,,,,,
Fischer_Ca_Margarete,Fischer_Ca_Margarete,textgrid,hdl:11858/00-1734-0000-0002-A7C7-A,Fischer,1764,1842,Caroline Auguste Fischer,female,Margarethe,Margarethe,,1812,,1812,2012,,,,,,txt,,https://hdl.handle.net/11858/00-1734-0000-0002-A7C7-A,,,anonym erschienen,,,,,,,,,,,
Fischer_Ca_Vierzehn,Fischer_Ca_Vierzehn,textgrid,hdl:11858/00-1734-0000-0002-A7C8-8,Fischer,1764,1842,Caroline Auguste Fischer,female,Vierzehn,Vierzehn Tage in Paris,,1801,,1801,2012,,,,,,txt,,https://hdl.handle.net/11858/00-1734-0000-0002-A7C8-8,,,,,,,,,,,,,,
Fischer_Ch_Hannchens,Fischer_Ch_Hannchens,textgrid,hdl:11858/00-1734-0000-0002-A807-C,Fischer,1771,1829,Christian August Fischer,male,Hannchens,Hannchens Hin- und Herzüge,,1800,,1800,2012,,,,,,txt,,https://hdl.handle.net/11858/00-1734-0000-0002-A807-C,,,veröffentlicht unter Pseudonym: Christain Althing,,,,,,,,,,,
Fouqué_C_Frau,Fouqué_C_Frau1,dta,-,Fouqué,1773,1831,Caroline de la Motte Fouqué,female,Frau,Die Frau des Falkensteins,,1810,,1810,2013,,,,,,txt,,https://www.deutschestextarchiv.de/book/show/fouque_falkensteins01_1810,urn:nbn:de:kobv:b4-30363-5,,,,,,,,,,,,,
Fouqué_C_Frau,Fouqué_C_Frau2,dta,-,Fouqué,1773,1831,Caroline de la Motte Fouqué,female,Frau,Die Frau des Falkensteins,,1810,,1810,2013,,,,,,txt,,https://www.deutschestextarchiv.de/book/show/fouque_falkensteins02_1810,urn:nbn:de:kobv:b4-30367-3,,,,,,,,,,,,,
Fouqué_C_Magie,Fouqué_C_Magie,dta,-,Fouqué,1773,1831,Caroline de la Motte Fouqué,female,Magie,Magie der Natur. Eine Revolutions-Geschichte,,1812,,1812,2013,,,,,,txt,,https://www.deutschestextarchiv.de/book/show/fouque_magie_1812,urn:nbn:de:kobv:b4-30426-5,,,,,,,,,,,,,
Fouqué_C_Rodrich,Fouqué_C_Rodrich,textgrid,hdl:11858/00-1734-0000-0002-B1EF-0,Fouqué,1773,1831,Caroline de la Motte Fouqué,female,Rodrich,Rodrich,,1806/07,,1806/07,2012,,,,,,txt,,https://hdl.handle.net/11858/00-1734-0000-0002-B1EF-0,,,,,,,,,,,,,,
Fouqué_C_Spanier,Fouqué_C_Spanier,textgrid,hdl:11858/00-1734-0000-0002-B1EC-5,Fischer,1773,1831,Caroline Auguste de la Motte Fouqué,female,Spanier,Der Spanier und der Freiweillige in Paris,,1814,,1814,2012,,,,,,txt,,https://hdl.handle.net/11858/00-1734-0000-0002-B1EC-5,,,,,,,,,,,,,,
"Fouqué_F_Undine,Fouqué_F_Undine,dta,""SBB-PK, in: Zsn 44317-1.1811"",Fouqué,1777,1843,Friedrich de la Motte Fouqué,male,Undine,""Undine, eine Erzählung"",,1811,,1811,2008,,,,,,txt,,https://www.deutschestextarchiv.de/book/show/fouque_undine_1811,urn:nbn:de:kobv:b4-200905191416,x,""erschienen in: Die Jahreszeiten. Eine Vierteljahrsschrift für romantische Dichtungen, Band Frühlings-Heft, Jg. 1811, 1-189"",,,,,,,,,,,"
"Frölich_Viriginia,Frölich_Virginia1,dta,""Berlin SBB-PK, Yw 8831-1/2"",Frölich,1768,1833,Henriette Frölich,female,Virginia,Virginia oder die Kolonie von Kentucky,,1820,,1820,2014,,,Jerta,,,txt,,https://www.deutschestextarchiv.de/book/show/froelich_virginia01_1820,urn:nbn:de:kobv:b4-25094-6,,,,,,,,,,,,,"
"Frölich_Viriginia,Frölich_Virginia2,dta,""Berlin SBB-PK, Yw 8831-1/2"",Frölich,1768,1833,Henriette Frölich,female,Virginia,Virginia oder die Kolonie von Kentucky,,1820,,1820,2014,,,Jerta,,,txt,,https://www.deutschestextarchiv.de/book/show/froelich_virginia02_1820,urn:nbn:de:kobv:b4-25095-1,,,,,,,,,,,,,"
Goethe_Wahlverwandtschaften,Goethe_Wahlverwandtschaften1,dta,Slg. Klein,Goethe,1749,1832,Johann Wolfgang von Goethe,male,Wahlverwandtschaften,Die Wahlverwandtschaften,,1809,,1809,2008,,,,,,txt,,https://www.deutschestextarchiv.de/book/show/goethe_wahlverw01_1809,urn:nbn:de:kobv:b4-200905191837,,,,,,,,,,,,,
Goethe_Wahlverwandtschaften,Goethe_Wahlverwandtschaften2,dta,Slg. Klein,Goethe,1749,1832,Johann Wolfgang von Goethe,male,Wahlverwandtschaften,Die Wahlverwandtschaften,,1809,,1809,2008,,,,,,txt,,deutschestextarchiv.de/book/show/goethe_wahlverw02_1809,urn:nbn:de:kobv:b4-200905191849,,,,,,,,,,,,,
"Goethe_Werther,Goethe_Werther1,dta,""HAB Wolfenbüttel, M: Lo 2113 (1)"",Goethe,1749,1832,Johann Wolfgang von Goethe,male,Werther,Die Leiden des jungen Werthers,,1774,,1774,2013,,,,,,txt,,https://www.deutschestextarchiv.de/book/show/goethe_werther01_1774,urn:nbn:de:kobv:b4-200905199004,,,,,,,,,,,,,"
"Goethe_Werther,Goethe_Werther2,dta,""HAB Wolfenbüttel, M: Lo 2113 (2)"",Goethe,1749,1832,Johann Wolfgang von Goethe,male,Werther,Die Leiden des jungen Werthers,,1774,,1774,2013,,,,,,txt,,https://www.deutschestextarchiv.de/book/show/goethe_werther02_1774,urn:nbn:de:kobv:b4-20870-3,,,,,,,,,,,,,"
"Goethe_Wilhelm,Goethe_Wilhelm1,dta,""Berlin BBAW, Goethe 396-1"",Goethe,1749,1832,Johann Wolfgang von Goethe,male,Wilhelm,Wilhelm Meisters Lehrjahre,,1795,,1795,2008,,,,,,txt,,https://www.deutschestextarchiv.de/book/show/goethe_lehrjahre01_1795,urn:nbn:de:kobv:b4-200905191785,,,,,,,,,,,,,"
"Goethe_Wilhelm,Goethe_Wilhelm2,dta,""Berlin BBAW, Goethe 396-2"",Goethe,1749,1832,Johann Wolfgang von Goethe,male,Wilhelm,Wilhelm Meisters Lehrjahre,,1795,,1795,2008,,,,,,txt,,https://www.deutschestextarchiv.de/book/show/goethe_lehrjahre02_1795,urn:nbn:de:kobv:b4-200905191791,,,,,,,,,,,,,"
"Goethe_Wilhelm,Goethe_Wilhelm3,dta,""Berlin BBAW, Goethe 396-3"",Goethe,1749,1832,Johann Wolfgang von Goethe,male,Wilhelm,Wilhelm Meisters Lehrjahre,,1795,,1795,2008,,,,,,txt,,https://www.deutschestextarchiv.de/book/show/goethe_lehrjahre03_1795,urn:nbn:de:kobv:b4-200905191809,,,,,,,,,,,,,"
"Goethe_Wilhelm,Goethe_Wilhelm4,dta,""Berlin BBAW, Goethe 396-4"",Goethe,1749,1832,Johann Wolfgang von Goethe,male,Wilhelm,Wilhelm Meisters Lehrjahre,,1796,,1796,2008,,,,,,txt,,https://www.deutschestextarchiv.de/book/show/goethe_lehrjahre04_1796,urn:nbn:de:kobv:b4-200905191814,,,,,,,,,,,,,"
Haller_Usong,Haller_Usong,textgrid,hdl:11858/00-1734-0000-0003-33E1-0,Haller,1708,1777,Albrecht von Haller,male,Usong,Usong,,1771,,1783,2012,,,,,,txt,,https://hdl.handle.net/11858/00-1734-0000-0003-33E1-0,,,,,,,,,,,,,,
"Heinse_Ardinghello,Heinse_Ardinghello1,dta,""SBB-PK, 9181-1 <b> R"",Heinse,1749,1803,Johann Jakob Wilhelm Heinse,male,Ardinghello,Ardinghello und die glückseeligen Inseln. Eine Italiänische Geschichte aus dem sechszehnten Jahrhundert,,1787,,1787,2008,,,,,,txt,,https://www.deutschestextarchiv.de/book/show/heinse_ardinghello01_1787,urn:nbn:de:kobv:b4-200905192267,,,,,,,,,,,,,"
"Heinse_Ardinghello,Heinse_Ardinghello2,dta,""SBB-PK, Yv 9181-1 <b> R"",Heinse,1749,1803,Johann Jakob Wilhelm Heinse,male,Ardinghello,Ardinghello und die glückseeligen Inseln. Eine Italiänische Geschichte aus dem sechszehnten Jahrhundert,,1787,,1787,2008,,,,,,txt,,https://www.deutschestextarchiv.de/book/show/heinse_ardinghello02_1787,urn:nbn:de:kobv:b4-200905192277,,,,,,,,,,,,,"
Heinse_Hildegard,Heinse_Hildegard,textgrid,hdl:11858/00-1734-0000-0003-4D3E-0,Heinse,1749,1803,Johann Jakob Wilhelm Heinse,male,Hildegard,Hildegard von Hohenthal,,1795/96,1786–1794,1903,2012,,,,,,txt,,https://hdl.handle.net/11858/00-1734-0000-0003-4D3E-0,,,,,,,,,,,,,,
"Hermes_Sophiens,Hermes_Sophiens1,MDZ,BSB-ID 11890154,Hermes,1738,1821,Johann Timotheus Hermes,male,Sophiens,Sophiens Reise von Memmel nach Sachsen,,1769-1773,,1778,,,,,,,PDF/DaFo/OCR-Text,,""https://www.digitale-sammlungen.de/de/view/bsb10924874?page=,1"",urn:nbn:de:bvb:12-bsb10924874-2,,,,,,,,,,,,,"
"Hermes_Sophiens,Hermes_Sophiens2,MDZ,BSB-ID 11890157,Hermes,1738,1821,Johann Timotheus Hermes,male,Sophiens,Sophiens Reise von Memmel nach Sachsen,,1769-1773,,1774,,,,,,,PDF/DaFo/OCR-Text,,""https://www.digitale-sammlungen.de/de/view/bsb10924875?page=2,3"",urn:nbn:de:bvb:12-bsb10924875-7,,,,,,,,,,,,,"
"Hermes_Sophiens,Hermes_Sophiens3,MDZ,BSB-ID 11890158,Hermes,1738,1821,Johann Timotheus Hermes,male,Sophiens,Sophiens Reise von Memmel nach Sachsen,,1769-1773,,1776,,,,,,,PDF/DaFo/OCR-Text,,""https://www.digitale-sammlungen.de/de/view/bsb10924876?page=8,9"",urn:nbn:de:bvb:12-bsb10924876-3,,,,,,,,,,,,,"
"Hermes_Sophiens,Hermes_Sophiens4,MDZ,BSB-ID 11890159,Hermes,1738,1821,Johann Timotheus Hermes,male,Sophiens,Sophiens Reise von Memmel nach Sachsen,,1769-1773,,1776,,,,,,,PDF/DaFo/OCR-Text,,""https://www.digitale-sammlungen.de/de/view/bsb10924877?page=8,9"",urn:nbn:de:bvb:12-bsb10924877-8,,,,,,,,,,,,,"
"Hermes_Sophiens,Hermes_Sophiens5,MDZ,BSB-ID 11890160,Hermes,1738,1821,Johann Timotheus Hermes,male,Sophiens,Sophiens Reise von Memmel nach Sachsen,,1769-1773,,1776,,,,,,,PDF/DaFo/OCR-Text,,""https://www.digitale-sammlungen.de/de/view/bsb10924878?page=8,9"",urn:nbn:de:bvb:12-bsb10924878-4,,,,,,,,,,,,,"
"Hermes_Sophiens,Hermes_Sophiens6,MDZ,BSB-ID 11890161,Hermes,1738,1821,Johann Timotheus Hermes,male,Sophiens,Sophiens Reise von Memmel nach Sachsen,,1769-1773,,1776,,,,,,,PDF/DaFo/OCR-Text,,""https://www.digitale-sammlungen.de/de/view/bsb10924879?page=8,9"",urn:nbn:de:bvb:12-bsb10924879-3,,,,,,,,,,,,,"
Hippel_Kreuz,Hippel_Kreuz,textgrid,hdl:11858/00-1734-0000-0003-6A54-1,Hippel,1741,1796,Theodor Gottlieb von Hippel,male,Kreuz,Kreuz- und Querzüge eines Ritters A bis Z,,1793/94,,1860,2012,,,,,,txt,,https://hdl.handle.net/11858/00-1734-0000-0003-6A54-1,,,,,,,,,,,,,,
"Hippel_Lebensläufe,Hippel_Lebensläufe1,dta,""SBB-PK, 337104-1 R"",Hippel,1741,1796,Theodor Gottlieb von Hippel,male,Lebensläufe,Lebensläufe nach Aufsteigender Linie,,1778,,1778,2008,,,,,,txt,,https://www.deutschestextarchiv.de/book/show/hippel_lebenslaeufe01_1778,urn:nbn:de:kobv:b4-200905192484,,,,,,,,,,,,,"
"Hippel_Lebensläufe,Hippel_Lebensläufe2,dta,""SBB-PK, 337104-2 R"",Hippel,1741,1796,Theodor Gottlieb von Hippel,male,Lebensläufe,Lebensläufe nach Aufsteigender Linie,,1779,,1779,2008,,,,,,txt,,https://www.deutschestextarchiv.de/book/show/hippel_lebenslaeufe02_1779,urn:nbn:de:kobv:b4-200905192492,,,,,,,,,,,,,"
"Hippel_Lebensläufe,Hippel_Lebensläufe3.1,dta,""SBB-PK, 337104-3,1 R"",Hippel,1741,1796,Theodor Gottlieb von Hippel,male,Lebensläufe,Lebensläufe nach Aufsteigender Linie,,1781,,1781,2008,,,,,,txt,,https://www.deutschestextarchiv.de/book/show/hippel_lebenslaeufe0301_1781,urn:nbn:de:kobv:b4-200905192500,,,,,,,,,,,,,"
"Hippel_Lebensläufe,Hippel_Lebensläufe3.2,dta,""SBB-PK, 337104-3,2 R"",Hippel,1741,1796,Theodor Gottlieb von Hippel,male,Lebensläufe,Lebensläufe nach Aufsteigender Linie,,1781,,1781,2008,,,,,,txt,,https://www.deutschestextarchiv.de/book/show/hippel_lebenslaeufe0302_1781,urn:nbn:de:kobv:b4-200905192515,,,,,,,,,,,,,"
"Hoffmann_Elixiere,Hoffmann_Elixiere1,dta,""SBB-PK, 19 ZZ 4977-1"",Hoffmann,1776,1822,E.T.A. Hoffmann,male,Elixiere,Die Elixiere des Teufels,,1815,,1815,2008,,,,,,txt,,https://www.deutschestextarchiv.de/book/show/hoffmann_elixiere01_1815,urn:nbn:de:kobv:b4-200905192576,,,,,,,,,,,,,"
"Hoffmann_Elixiere,Hoffmann_Elixiere2,dta,""SBB-PK, 19 ZZ 4977-2"",Hoffmann,1776,1822,E.T.A. Hoffmann,male,Elixiere,Die Elixiere des Teufels,,1816,,1816,2008,,,,,,txt,,https://www.deutschestextarchiv.de/book/show/hoffmann_elixiere02_1816,urn:nbn:de:kobv:b4-200905192580,,,,,,,,,,,,,"
Hoffmann_Lebens,Hoffmann_Lebens,textgrid,hdl:11858/00-1734-0000-0003-6AA5-B,Hoffmann,1776,1822,E.T.A. Hoffmann,male,Lebens,Lebens Ansichten des Katers Murr,,1820/1822,1819/1821,1963,2012,,,,,,txt,,https://hdl.handle.net/11858/00-1734-0000-0003-6AA5-B,,,,,,,,,,,,,,
"Hoffmann_Nachtstücke,Hoffmann_Nachtstücke1,dta,""SBB-PK, 19 ZZ 4975-1/2"",Hoffmann,1776,1822,E.T.A. Hoffmann,male,Nachtstücke,Nachtstücke,,1817,,1817,2008,,,,,,txt,,https://www.deutschestextarchiv.de/book/show/hoffmann_nachtstuecke01_1817,urn:nbn:de:kobv:b4-200905192609,,,,,,,,,,,,,"
"Hoffmann_Nachtstücke,Hoffmann_Nachtstücke2,dta,""SBB-PK, 19 ZZ 4975-1/2"",Hoffmann,1776,1822,E.T.A. Hoffmann,male,Nachtstücke,Nachtstücke,,1817,,1817,2008,,,,,,txt,,https://www.deutschestextarchiv.de/book/show/hoffmann_nachtstuecke02_1817,urn:nbn:de:kobv:b4-200905192619,,,,,,,,,,,,,"
Hoffmann_Prinzessin,Hoffmann_Prinzessin,textgrid,hdl:11858/00-1734-0000-0003-6AF8-4,Hoffmann,1776,1822,E.T.A. Hoffmann,male,Prinzessin,Prinzessin Brambilla. Ein Capriccio nach Jakob Callot,,1820,,1963,2012,,,,,,txt,,https://hdl.handle.net/11858/00-1734-0000-0003-6AF9-2,,,Erstdruck in: Morgenblatt für gebildete Stände,,,,,,,,,,,
Hölderlin_Hyperion,Hölderlin_Hyperion1,dta,Lit.germ.27266:1,Hölderlin,1770,1843,Friedrich Hölderlin,male,Hölderlin,Hyperion,,1797,,1797,2019,,,,,,txt,,https://www.deutschestextarchiv.de/book/show/hoelderlin_hyperion01_1797,urn:nbn:de:kobv:b4-34815-1,,,,,,,,,,,,,
Hölderlin_Hyperion,Hölderlin_Hyperion2,dta,Lit.germ.27266:2,Hölderlin,1770,1843,Friedrich Hölderlin,male,Hölderlin,Hyperion,,1799,,1799,2019,,,,,,txt,,https://www.deutschestextarchiv.de/book/show/hoelderlin_hyperion02_1799,urn:nbn:de:kobv:b4-34816-5,,,,,,,,,,,,,
Huber_Familie,Huber_Familie,textgrid,hdl:11858/00-1734-0000-0003-84E2-2,Huber,1764,1829,Therese Huber,female,Familie,Die Familie Seldorf. Eine Geschichte,,[1795/96],,1795,2012,,,,,,txt,,https://hdl.handle.net/11858/00-1734-0000-0003-84E2-2,,,,,,,,,,,,,,
Huber_Luise,Huber_Luise,textgrid,hdl:11858/00-1734-0000-0003-84D8-9,Huber,1764,1829,Therese Huber,female,Luise,Luise. Ein Beitrag zur Geschichte der Konvenienz,,1796,,1796,2012,,,,,,txt,,https://hdl.handle.net/11858/00-1734-0000-0003-84D8-9,,,,,,,,,,,,,,
"Jacobi_Eduard,Jacobi_Eduard,dta,""SBB-PK, Yw 371-1 <a> R"",Jacobi,1743,1819,Friedrich Heinrich Jacobi,male,Eduard,Eduard Allwills Briefsammlung,,1792,,1792,,,,,,,txt,,https://www.deutschestextarchiv.de/book/show/jacobi_allwill_1792,urn:nbn:de:kobv:b4-200905192869,,,,,,,,,,,,,"
Jacobi_Woldemar,Jacobi_Woldemar,textgrid,hdl:11858/00-1734-0000-0003-89F6-A,Jacobi,1743,1819,Friedrich Heinrich Jacobi,male,Woldemar,Woldemar,,[1777/1779/1794],,1969,2012,,,,https://babel.hathitrust.org/cgi/pt?id=nyp.33433075733331&view=1up&seq=37,,txt,,https://hdl.handle.net/11858/00-1734-0000-0003-89F6-A,,,folgt der Romanfassung von 1779,,,,,,,,,,,
"Jung-Stilling_Geschichte,Jung-Stilling_Geschichte1,MDZ,BSB-ID 13359857,Jung-Stilling,1740,1817,Johann Heinrich Jung-Stilling,male,Geschichte,Die Geschichte des Herrn von Morgenthau,,1779,,1779,,,,,,,PDF/DaFo/OCR-Text,,""https://www.digitale-sammlungen.de/de/view/bsb10108733?page=6,7"",urn:nbn:de:bvb:12-bsb10108733-2,,,,,,,,,,,,,"
"Jung-Stilling_Geschichte,Jung-Stilling_Geschichte2,MDZ,BSB-ID 13359864,Jung-Stilling,1740,1817,Johann Heinrich Jung-Stilling,male,Geschichte,Die Geschichte des Herrn von Morgenthau,,1779,,1779,,,,,,,PDF/DaFo/OCR-Text,,""https://www.digitale-sammlungen.de/de/view/bsb11304400?page=,1"",urn:nbn:de:bvb:12-bsb11304400-9,,,,,,,,,,,,,"
"Klingemann_Nachtwachen,Klingemann_Nachtwachen,dta,""Göttingen SUB, 8 FAB VI, 3548 RARA"",Klingemann,1777,1831,Ernst August Friedrich Klingemann (Bonaventura),male,Nachtwachen,Nachtwachen,,1805,,1805,2008,,,,,,txt,,https://www.deutschestextarchiv.de/book/show/klingemann_nachtwachen_1805,urn:nbn:de:kobv:b4-200905193177,,,,,,,,,,,,,"
"Klinger_Fausts,Klinger_Fausts,dta,""Göttingen SUB, 8 FAB VI, 5662 RARA"",Klinger,1752,1831,Friedrich Maximilian Klinger,male,Fausts,""Fausts Leben, Thaten und Höllenfahrten"",,1791,,1791,2009,,,,,,txt,,https://www.deutschestextarchiv.de/book/show/klinger_faust_1791,urn:nbn:de:kobv:b4-200905197124,,,,,,,,,,,,,"
Klinger_Geschichte,Klinger_Geschichte,textgrid,hdl:11858/00-1734-0000-0003-B2A1-1,Klinger,1752,1831,Friedrich Maximilian Klinger,male,Geschichte,Geschichte eines Teutschen der neusten Zeit,,1798,,1970,2012,,,,,,txt,,https://hdl.handle.net/11858/00-1734-0000-0003-B2A1-1,,,,,,,,,,,,,,
"Knigge_Benjamin,Knigge_Benjamin,textgrid,hdl:11858/00-1734-0000-0003-B5D5-4,Knigge,1752,1796,Adolph Freiherr von Knigge,male,Benjamin,""Benjamin Noldmann’s Geschichte der Aufklärung in Abyssinien, oder Nachricht von seinem und seines Herrn Vetters Aufenthalte an dem Hofe des großen Negus, oder Priesters Johannes"",,1791,,1979,2012,,,,,,txt,,https://hdl.handle.net/11858/00-1734-0000-0003-B5D5-4,,,,,,,,,,,,,,"
Knigge_Joseph,Knigge_Joseph,textgrid,hdl:11858/00-1734-0000-0003-B5CE-5,Knigge,1752,1796,Adolph Freiherr von Knigge,male,Josephs,Josephs von Wurmbrands ... politisches Glaubensbekenntnis,,1792,,1979,2012,,,,,,txt,,https://hdl.handle.net/11858/00-1734-0000-0003-B5CE-5,,,,,,,,,,,,,,
Knigge_Reise,Knigge_Reise,textgrid,hdl:11858/00-1734-0000-0003-B5D1-C,Knigge,1752,1796,Adolph Freiherr von Knigge,male,Reise,Die Reise nach Braunschweig. Ein comischer Roman,,1792,,1972,2012,,,,,,txt,,https://hdl.handle.net/11858/00-1734-0000-0003-B5D1-C,,,,,,,,,,,,,,
"Kortum_Jobsiade,Kortum_Jobsiade1,dta,""SBB-PK, 19 ZZ 5746-1/3"",Kortum,1745,1824,Carl Arnold Kortum,male,Jobsiade,Die Jobsiade,,1799,,1799,2008,,,,,,txt,,https://www.deutschestextarchiv.de/book/show/kortum_jobsiade01_1799,urn:nbn:de:kobv:b4-200905193264,,,,,,,,,,,,,"
"Kortum_Jobsiade,Kortum_Jobsiade2,dta,""SBB-PK, 19 ZZ 5746-1/3"",Kortum,1745,1824,Carl Arnold Kortum,male,Jobsiade,Die Jobsiade,,1799,,1799,2008,,,,,,txt,,https://www.deutschestextarchiv.de/book/show/kortum_jobsiade02_1799,urn:nbn:de:kobv:b4-200905193273,,,,,,,,,,,,,"
"Kortum_Jobsiade,Kortum_Jobsiade3,dta,""SBB-PK, 19 ZZ 5748-1/3"",Kortum,1745,1824,Carl Arnold Kortum,male,Jobsiade,Die Jobsiade,,1799,,1799,2008,,,,,,txt,,https://www.deutschestextarchiv.de/book/show/kortum_jobsiade03_1799,urn:nbn:de:kobv:b4-200905193289,,,,,,,,,,,,,"
La_Roche_Erscheinungen,La_Roche_Erscheinungen,textgrid,hdl:11858/00-1734-0000-0003-DAE6-3,La Roche,1730,1807,Sophie von La Roche,female,Erscheinungen,Erscheinungen am See Oneida,,1798,,1798,2012,,,,,,txt,,https://hdl.handle.net/11858/00-1734-0000-0003-DAE6-3,,,,,,,,,,,,,,
La_Roche_Rosaliens,La_Roche_Rosaliens,textgrid,hdl:11858/00-1734-0000-0003-DADC-A,La Roche,1730,1807,Sophie von La Roche,female,Rosaliens,Rosaliens Briefe an ihre Freundin Mariane von St**,,1779,,1976,2012,,,,,,txt,,https://hdl.handle.net/11858/00-1734-0000-0003-DADC-A,,,Erstdruck anonym erschienen,,,,,,,,,,,
"La_Roche_Sternheim,La_Roche_Sternheim1,dta,""HAB Wolfenbüttel, Wa 7074"",La Roche,1730,1807,Sophie von La Roche,female,Sternheim,Geschichte des Fräulein von Sternheim,,1771,,1771,2011,,,Christoph Martin Wieland,,,txt,,https://www.deutschestextarchiv.de/book/show/laroche_geschichte01_1771,urn:nbn:de:kobv:b4-200905199553,,,,,,,,,,,,,"
"La_Roche_Sternheim,La_Roche_Sternheim2,dta,""HAB Wolfenbüttel, Wa 7074"",La Roche,1730,1807,Sophie von La Roche,female,Sternheim,Geschichte des Fräulein von Sternheim,,1771,,1771,2011,,,Christoph Martin Wieland,,,txt,,https://www.deutschestextarchiv.de/book/show/laroche_geschichte02_1771,urn:nbn:de:kobv:b4-200905199541,,,,,,,,,,,,,"
Liebeskind_Maria,Liebeskind_Maria,textgrid,hdl:11858/00-1734-0000-0003-EC8E-7,Liebeskind,1765,1853,Margareta Sophia Liebeskind,female,Maria,Maria. Eine Geschichte in Briefen,,1784,,1784,2012,,,,,,txt,,https://hdl.handle.net/11858/00-1734-0000-0003-EC90-0,,,,,,,,,,,,,,
"Meißner_Alcibiades,Meißner_Alcibiades1,MDZ,BSB-ID 7000894,Meißner,1753,1807,August Gottlieb Meißner,male,Alcibiades,Alcibiades,,1781-1788,,1782,,,,,,,PDF/DaFo/OCR-Text,,""https://www.digitale-sammlungen.de/de/view/bsb11261086?page=,1"",urn:nbn:de:bvb:12-bsb11261086-2,,,,,,,,,,,,,"
"Meißner_Alcibiades,Meißner_Alcibiades2,MDZ,BSB-ID 7000895,Meißner,1753,1807,August Gottlieb Meißner,male,Alcibiades,Alcibiades,,1781-1788,,1783,,,,,,,PDF/DaFo/OCR-Text,,""https://www.digitale-sammlungen.de/de/view/bsb10117840?page=,1"",urn:nbn:de:bvb:12-bsb10117840-6,,,,,,,,,,,,,"
"Meißner_Alcibiades,Meißner_Alcibiades3,MDZ,BSB-ID 7000899,Meißner,1753,1807,August Gottlieb Meißner,male,Alcibiades,Alcibiades,,1781-1788,,1785,,,,,,,PDF/DaFo/OCR-Text,,""https://www.digitale-sammlungen.de/de/view/bsb10117841?page=,1"",urn:nbn:de:bvb:12-bsb10117841-1,,,,,,,,,,,,,"
"Meißner_Alcibiades,Meißner_Alcibiades4,MDZ,BSB-ID 7000902,Meißner,1753,1807,August Gottlieb Meißner,male,Alcibiades,Alcibiades,,1781-1788,,1788,,,,,,,PDF/DaFo/OCR-Text,,""https://www.digitale-sammlungen.de/de/view/bsb10117842?page=,1"",urn:nbn:de:bvb:12-bsb10117842-7,,,,,,,,,,,,,"
Mereau_Amanda,Mereau_Amanda,textgrid,hdl:11858/00-1734-0000-0004-33A3-4,Mereau,1770,1806,Sophie Friederike Mereau,female,Amanda,Amanda und Eduard,,1803,,1803,2012,,,,,,txt,,https://hdl.handle.net/11858/00-1734-0000-0004-33A3-4,,,,,,,,,,,,,,
Miller_Siegwart,Miller_Siegwart,textgrid,hdl:11858/00-1734-0000-0004-3894-4,Miller,1750,1814,Johann Martin Miller,male,Siegwart,Siegwart. Eine Klostergeschichte,,1776,,1776,2012,,,,,,txt,,https://hdl.handle.net/11858/00-1734-0000-0004-3895-2,,,,,,,,,,,,,,
Moritz_Andreas,Moritz_Andreas,textgrid,hdl:11858/00-1734-0000-0004-4360-A,Moritz,1756,1793,Karl Philipp Moritz,male,Andreas,Andreas Hartknopf. Eine Allegorie,,1786,,1786,2012,,,,,,txt,,https://hdl.handle.net/11858/00-1734-0000-0004-4360-A,,,,,,,,,,,,,,
Moritz_Andreas_Hartknopfs,Moritz_Andreas_Hartknopfs,textgrid,hdl:11858/00-1734-0000-0004-4368-9,Moritz,1756,1793,Karl Philipp Moritz,male,Andreas Hartknopfs,Andreas Hartknopfs Predigerjahre,,1790,,1790,2012,,,,,,txt,,https://hdl.handle.net/11858/00-1734-0000-0004-4366-D,,,,,,,,,,,,,,
"Moritz_Anton,Moritz_Anton1,dta,""Berlin ZLB, ¤ III 15885"",Moritz,1756,1793,Karl Philipp Moritz,male,Anton,Anton Reiser. Ein psychologischer Roman,,1785,,1785,2008,,,,,,txt,,https://www.deutschestextarchiv.de/book/show/moritz_reiser01_1785,urn:nbn:de:kobv:b4-200905194083,,,,,,,,,,,,,"
"Moritz_Anton,Moritz_Anton2,dta,""Berlin ZLB, ¤ III 15885"",Moritz,1756,1793,Karl Philipp Moritz,male,Anton,Anton Reiser. Ein psychologischer Roman,,1786,,1786,2008,,,,,,txt,,https://www.deutschestextarchiv.de/book/show/moritz_reiser02_1786,urn:nbn:de:kobv:b4-200905194092,,,,,,,,,,,,,"
"Moritz_Anton,Moritz_Anton3,dta,""Berlin ZLB, ¤ III 15885"",Moritz,1756,1793,Karl Philipp Moritz,male,Anton,Anton Reiser. Ein psychologischer Roman,,1786,,1786,2008,,,,,,txt,,https://www.deutschestextarchiv.de/book/show/moritz_reiser03_1786,urn:nbn:de:kobv:b4-200905194100,,,,,,,,,,,,,"
"Moritz_Anton,Moritz_Anton4,dta,""Berlin ZLB, ¤ III 15885"",Moritz,1756,1793,Karl Philipp Moritz,male,Anton,Anton Reiser. Ein psychologischer Roman,,1790,,1790,2008,,,,,,txt,,https://www.deutschestextarchiv.de/book/show/moritz_reiser04_1790,urn:nbn:de:kobv:b4-200905194115,,,,,,,,,,,,,"
Müller_Siegfried,Müller_Siegfried,textgrid,hdl:11858/00-1734-0000-0004-5507-7,Müller,1743,1828,Johann Gottwerth Müller,male,Siegfried,Siegfried von Lindenberg,,1779,,1779,2012,,,,,,txt,,https://hdl.handle.net/11858/00-1734-0000-0004-5507-7,,,,,,,,,,,,,,
"Müller_Siegfried,Müller_Siegfried1,MDZ,BSB-ID 13242324,Müller,1743,1828,Johann Gottwerth Müller,male,Siegfried,Siegfried von Lindenberg,,1784,,1784,,,,,,,PDF/DaFo/OCR-Text,,""https://www.digitale-sammlungen.de/de/view/bsb11261169?q=%28siegfried+von+lindenberg%29&page=2,3"",urn:nbn:de:bvb:12-bsb11261169-7,,Die 1784 in vier Teilen erschiene Ausgabe ist deutlich erweitert und nachbearbeitet gegenüber der Erstausgabe aus dem Jahr 1779 (siehe unten),,,,,,,,,,,"
"Müller_Siegfried,Müller_Siegfried2,MDZ,BSB-ID 13242325,Müller,1743,1828,Johann Gottwerth Müller,male,Siegfried,Siegfried von Lindenberg,,1784,,1784,,,,,,,PDF/DaFo/OCR-Text,,""https://www.digitale-sammlungen.de/de/view/bsb11261170?q=%28siegfried+von+lindenberg%29&page=,1"",urn:nbn:de:bvb:12-bsb11261170-0,,,,,,,,,,,,,"
"Musäus_Grandison,Musäus_Grandison1,dta,-,Musäus,1735,1787,Johann Karl August Musäus,male,Grandison,""Grandison der Zweite, Oder Geschichte des Herrn v. N*** in Briefen entworfen"",,1760,,1760,2012,,,,,,txt,,https://www.deutschestextarchiv.de/book/show/musaeus_grandison01_1760,urn:nbn:de:kobv:b4-30083-0,,,,,,,,,,,,,"
"Musäus_Grandison,Musäus_Grandison2,dta,-,Musäus,1735,1787,Johann Karl August Musäus,male,Grandison,""Grandison der Zweite, Oder Geschichte des Herrn v. N*** in Briefen entworfen"",,1761,,1761,2012,,,,,,txt,,https://www.deutschestextarchiv.de/book/show/musaeus_grandison02_1761,urn:nbn:de:kobv:b4-30084-5,,,,,,,,,,,,,"
"Musäus_Grandison,Musäus_Grandison3,dta,-,Musäus,1735,1787,Johann Karl August Musäus,male,Grandison,""Grandison der Zweite, Oder Geschichte des Herrn v. N*** in Briefen entworfen"",,1762,,1762,2012,,,,,,txt,,https://www.deutschestextarchiv.de/book/show/musaeus_grandison03_1762,urn:nbn:de:kobv:b4-30085-0,,,,,,,,,,,,,"
"Musäus_Physiognomische,Musäus_Physiognomische1,dta,""BSB München, P.o.germ. 972-1/3"",Musäus,1735,1787,Johann Karl August Musäus,male,Physiognomische,Physiognomisches Reisen voran physiognomisch Tagebuch,,1778,,1779,,,,,,,txt,,https://www.deutschestextarchiv.de/book/show/musaeus_reisen01_1779,urn:nbn:de:kobv:b4-20420-3,,,,,,,,,,,,,"
"Musäus_Physiognomische,Musäus_Physiognomische2,dta,""BSB München, P.o.germ. 972-1/3"",Musäus,1735,1787,Johann Karl August Musäus,male,Physiognomische,Physiognomisches Reisen,,1778,,1778,,,,,,,txt,,https://www.deutschestextarchiv.de/book/show/musaeus_reisen02_1778,urn:nbn:de:kobv:b4-20419-8,,,,,,,,,,,,,"
"Musäus_Physiognomische,Musäus_Physiognomische3,dta,""BSB München, P.o.germ. 972-1/3"",Musäus,1735,1787,Johann Karl August Musäus,male,Physiognomische,Physiognomisches Reisen,,1779,,1779,,,,,,,txt,,https://www.deutschestextarchiv.de/book/show/musaeus_reisen03_1779,urn:nbn:de:kobv:b4-20418-5,,,,,,,,,,,,,"
"Musäus_Physiognomische,Musäus_Physiognomische4,dta,""BSB München, P.o.germ. 972-1/3"",Musäus,1735,1787,Johann Karl August Musäus,male,Physiognomische,Physiognomisches Reisen,,1779,,1779,,,,,,,txt,,https://www.deutschestextarchiv.de/book/show/musaeus_reisen04_1779,urn:nbn:de:kobv:b4-20417-1,,,,,,,,,,,,,"
"Naubert_Alf,Naubert_Alf,textgrid,hdl:11858/00-1734-0000-0004-5E99-4,Naubert,1752,1819,Benedikte Naubert,female,Alf,""Alf von Dülmen, Oder Geschichte Kaiser Philipps und seiner Töchter"",,1791,,1791,2012,,,,,,txt,,https://hdl.handle.net/11858/00-1734-0000-0004-5E99-4,,,,,,,,,,,,,,"
Naubert_Amtmannin,Naubert_Amtmannin,textgrid,hdl:11858/00-1734-0000-0004-5E9B-F,Naubert,1752,1819,Benedikte Naubert,female,Amtmannin,Die Amtmannin von Hohenweiler,,1791,,1791,2012,,,,,,txt,,https://hdl.handle.net/11858/00-1734-0000-0004-5E9B-F,,,,,,,,,,,,,,
Naubert_Hermann,Naubert_Hermann,textgrid,hdl:11858/00-1734-0000-0004-5E8E-D,Naubert,1752,1819,Benedikte Naubert,female,Hermann,Hermann von Unna. Eine Geschichte aus den Zeiten der Vehmgerichte,,1788,,1788,2012,,,,,,txt,,https://hdl.handle.net/11858/00-1734-0000-0004-5E8E-D,,,,,,,,,,,,,,
"Nicolai_Sebaldus,Nicolai_Sebaldus1,dta,""SUB Göttingen, 8 FAB VI, 3838:1"",Nicolai,1733,1811,Christoph Friedrich Nicolai,male,Sebaldus,Das Leben und die Meinungen des Herrn Magister Sebaldus Nothanker,,1773,,1773,2011,,,,,https://www.google.de/books/edition/_/56Y5AAAAMAAJ?hl=en&gbpv=1 https://www.google.de/books/edition/_/4QFdAAAAcAAJ?hl=en&gbpv=1 https://www.google.de/books/edition/_/K9g6AAAAcAAJ?hl=en&gbpv=1,txt,,https://www.deutschestextarchiv.de/book/show/nicolai_nothanker01_1773,urn:nbn:de:kobv:b4-20431-2,,,,,,,,,,,,,"
"Nicolai_Sebaldus,Nicolai_Sebaldus2,dta,""SUB Göttingen, 8 FAB VI, 3838:2"",Nicolai,1733,1811,Christoph Friedrich Nicolai,male,Sebaldus,Das Leben und die Meinungen des Herrn Magister Sebaldus Nothanker,,1775,,1775,2011,,,,,https://www.google.de/books/edition/_/56Y5AAAAMAAJ?hl=en&gbpv=1 https://www.google.de/books/edition/_/4QFdAAAAcAAJ?hl=en&gbpv=1 https://www.google.de/books/edition/_/K9g6AAAAcAAJ?hl=en&gbpv=1,txt,,https://www.deutschestextarchiv.de/book/show/nicolai_nothanker02_1775,urn:nbn:de:kobv:b4-20430-7,,,,,,,,,,,,,"
"Nicolai_Sebaldus,Nicolai_Sebaldus3,dta,""SUB Göttingen, 8 FAB VI, 3838:3"",Nicolai,1733,1811,Christoph Friedrich Nicolai,male,Sebaldus,Das Leben und die Meinungen des Herrn Magister Sebaldus Nothanker,,1776,,1776,2011,,,,,https://www.google.de/books/edition/_/56Y5AAAAMAAJ?hl=en&gbpv=1 https://www.google.de/books/edition/_/4QFdAAAAcAAJ?hl=en&gbpv=1 https://www.google.de/books/edition/_/K9g6AAAAcAAJ?hl=en&gbpv=1,txt,,https://www.deutschestextarchiv.de/book/show/nicolai_nothanker03_1776,urn:nbn:de:kobv:b4-20429-3,,,,,,,,,,,,,"
Novalis_Lehrlinge,Novalis_Lehrlinge,textgrid,hdl:11858/00-1734-0000-0004-6129-B,Novalis,1772,1801,Novalis,male,Lehrlinge,Die Lehrlinge zu Sais,,1802,1798,1960,2012,,,,,,txt,,https://hdl.handle.net/11858/00-1734-0000-0004-6129-B,,,,,,,,,,,,,,
"Novalis_Heinrich,Novalis_Heinrich,dta,""SBB-PK, 19 ZZ 7137-1/2"",Novalis,1772,1801,Novalis,male,Heinrich,Heinrich von Ofterdingen,,1802,1800,1802,2008,,,,,,txt,,https://www.deutschestextarchiv.de/book/show/novalis_ofterdingen_1802,urn:nbn:de:kobv:b4-200905194332,,,,,,,,,,,,,"
Pahl_Bertha,Pahl_Bertha,dta,-,Pahl,1768,1839,Johann Gottfried Pahl,male,Bertha,Bertha von Wöllstein. Eine Reihe von Briefen aus dem Mittelalter,,1794,,1794,2012,,,,,,txt,,https://www.deutschestextarchiv.de/book/show/pahl_bertha_1794,urn:nbn:de:kobv:b4-30111-4,,,,,,,,,,,,,
"Paul_Badereise,Paul_Badereise1,dta,""SBB-PK, 19 ZZ 5221"",Paul,1763,1825,Jean Paul,male,Badereise,D. Katzenbergers Badereise,,1809,,1809,2008,,,,,,txt,,https://www.deutschestextarchiv.de/book/show/paul_katzenberger01_1809,urn:nbn:de:kobv:b4-200905194449,,,,,,,,,,,,,"
"Paul_Badereise,Paul_Badereise2,dta,""SBB-PK, 19 ZZ 5221"",Paul,1763,1825,Jean Paul,male,Badereise,D. Katzenbergers Badereise,,1809,,1809,2008,,,,,,txt,,https://www.deutschestextarchiv.de/book/show/paul_katzenberger02_1809,urn:nbn:de:kobv:b4-200905194452,,,,,,,,,,,,,"
"Paul_Blumen,Paul_Blumen,textgrid,hdl:11858/00-1734-0000-0003-8D68-A,Paul,1763,1825,Jean Paul,male,Blumen,""Blumen-, Frucht- und Dornenstücke oder Ehestand, Tod und Hochzeit des Armenadvokaten F. St. Siebenkäs"",,1796/97,,1959,2012,,,,,,txt,,https://hdl.handle.net/11858/00-1734-0000-0003-8D6A-6,,,,,,,,,,,,,,"
Paul_Feldpredigers,Paul_Feldpredigers,textgrid,hdl:11858/00-1734-0000-0003-8D48-3,Paul,1763,1825,Jean Paul,male,Feldpredigers,Des Feldpredigers Schmelze. Reise nach Flätz mit fortgehenden Noten; nebst Der Beichte des Teufels bei einem Staatsmanne,,1809,,1959,2012,,,,,,txt,,https://hdl.handle.net/11858/00-1734-0000-0003-8D48-3,,,,,,,,,,,,,,
"Paul_Flegeljahre,Paul_Flegeljahre1,dta,""SBB-PK, Yw 1472-1<a> R"",Paul,1763,1825,Jean Paul,male,Flegeljahre,Flegeljahre,,1804,,1804,2008,,,,,,txt,,https://www.deutschestextarchiv.de/book/show/paul_flegeljahre01_1804,urn:nbn:de:kobv:b4-200905194376,,,,,,,,,,,,,"
"Paul_Flegeljahre,Paul_Flegeljahre2,dta,""SBB-PK, Yw 1472-2<a> R"",Paul,1763,1825,Jean Paul,male,Flegeljahre,Flegeljahre,,1804,,1804,2008,,,,,,txt,,https://www.deutschestextarchiv.de/book/show/paul_flegeljahre02_1804,urn:nbn:de:kobv:b4-200905194389,,,,,,,,,,,,,"
"Paul_Flegeljahre,Paul_Flegeljahre3,dta,""SBB-PK, Yw 1472-3<a> R"",Paul,1763,1825,Jean Paul,male,Flegeljahre,Flegeljahre,,1804,,1804,2008,,,,,,txt,,https://www.deutschestextarchiv.de/book/show/paul_flegeljahre03_1804,urn:nbn:de:kobv:b4-200905194399,,,,,,,,,,,,,"
"Paul_Flegeljahre,Paul_Flegeljahre4,dta,""SBB-PK, Yw 1472-4<a> R"",Paul,1763,1825,Jean Paul,male,Flegeljahre,Flegeljahre,,1805,,1805,2008,,,,,,txt,,https://www.deutschestextarchiv.de/book/show/paul_flegeljahre04_1805,urn:nbn:de:kobv:b4-200905194407,,,,,,,,,,,,,"
"Paul_Hesperus,Paul_Hesperus1,dta,""BBAW, 2007 B 209"",Paul,1763,1825,Jean Paul,male,Hesperus,Hesperus oder 45 Hundposttage. Eine Biographie,,1795,,1795,2008,,,,,,txt,,https://www.deutschestextarchiv.de/book/show/paul_hesperus01_1795,urn:nbn:de:kobv:b4-200905194418,,,,,,,,,,,,,"
"Paul_Hesperus,Paul_Hesperus2,dta,""SBB-PK, Yw 1160-2<a> R"",Paul,1763,1825,Jean Paul,male,Hesperus,Hesperus oder 45 Hundposttage. Eine Biographie,,1795,,1795,2008,,,,,,txt,,https://www.deutschestextarchiv.de/book/show/paul_hesperus02_1795,urn:nbn:de:kobv:b4-200905194425,,,,,,,,,,,,,"
"Paul_Hesperus,Paul_Hesperus3,dta,""SBB-PK, Yw 1160-3<a> R"",Paul,1763,1825,Jean Paul,male,Hesperus,Hesperus oder 45 Hundposttage. Eine Biographie,,1795,,1795,2008,,,,,,txt,,https://www.deutschestextarchiv.de/book/show/paul_hesperus03_1795,urn:nbn:de:kobv:b4-200905194434,,,,,,,,,,,,,"
"Paul_Loge,Paul_Loge1,dta,""SBB-PK, Yw 1121-1<b> R"",Paul,1763,1825,Jean Paul,male,Loge,Die unsichtbare Loge,,1793,,1793,2008,,,,,,txt,,https://www.deutschestextarchiv.de/book/show/paul_loge01_1793,urn:nbn:de:kobv:b4-200905194465,,,,,,,,,,,,,"
"Paul_Loge,Paul_Loge2,dta,""SBB-PK, Yw 1121-2<b> R"",Paul,1763,1825,Jean Paul,male,Loge,Die unsichtbare Loge,,1793,,1793,2008,,,,,,txt,,https://www.deutschestextarchiv.de/book/show/paul_loge02_1793,urn:nbn:de:kobv:b4-200905194472,,,,,,,,,,,,,"
Paul_Quintus,Paul_Quintus,textgrid,hdl:11858/00-1734-0000-0003-8D5E-2,Paul,1763,1825,Jean Paul,male,Quintus,Leben des Quintus Fixlein,,1796,1794/95,1959,2012,,,,,,txt,,https://hdl.handle.net/11858/00-1734-0000-0003-8D5E-2,,,,,,,,,,,,,,
"Paul_Titan,Paul_Titan1,dta,""Berlin ZLB, III 16207"",Paul,1763,1825,Jean Paul,male,Titan,Titan,,1800,,1800,2008,,,,,,txt,,https://www.deutschestextarchiv.de/book/show/paul_titan01_1800,urn:nbn:de:kobv:b4-200905194485,,,,,,,,,,,,,"
"Paul_Titan,Paul_Titan2,dta,""Berlin ZLB, III 16207"",Paul,1763,1825,Jean Paul,male,Titan,Titan,,1801,,1801,2008,,,,,,txt,,https://www.deutschestextarchiv.de/book/show/paul_titan02_1801,urn:nbn:de:kobv:b4-200905194498,,,,,,,,,,,,,"
"Paul_Titan,Paul_Titan3,dta,""Berlin ZLB, III 16207"",Paul,1763,1825,Jean Paul,male,Titan,Titan,,1802,,1802,2008,,,,,,txt,,https://www.deutschestextarchiv.de/book/show/paul_titan03_1802,urn:nbn:de:kobv:b4-200905194506,,,,,,,,,,,,,"
"Paul_Titan,Paul_Titan4,dta,""Berlin ZLB, III 16207"",Paul,1763,1825,Jean Paul,male,Titan,Titan,,1803,,1803,2008,,,,,,txt,,https://www.deutschestextarchiv.de/book/show/paul_titan04_1803,urn:nbn:de:kobv:b4-200905194513,,,,,,,,,,,,,"
"Pestalozzi_Lienhard,Pestalozzi_Lienhard1,dta,""Göttingen SUB, DD90 A 33276 RARA"",Pestalozzi,1746,1827,Johann Heinrich Pestalozzi,male,Lienhard,Lienhard und Getrud,,1781,,1781,2009,,,,,,txt,,https://www.deutschestextarchiv.de/book/show/pestalozzi_lienhard01_1781,urn:nbn:de:kobv:b4-200905197277,,,,,,,,,,,,,"
"Pestalozzi_Lienhard,Pestalozzi_Lienhard2,dta,""Göttingen SUB, DD90 A 33276 RARA"",Pestalozzi,1746,1827,Johann Heinrich Pestalozzi,male,Lienhard,Lienhard und Getrud,,1783,,1783,2011,,,,,,txt,,https://www.deutschestextarchiv.de/book/show/pestalozzi_lienhard02_1783,urn:nbn:de:kobv:b4-16885-3,,,,,,,,,,,,,"
"Pestalozzi_Lienhard,Pestalozzi_Lienhard3,dta,""Göttingen SUB, DD90 A 33276 RARA"",Pestalozzi,1746,1827,Johann Heinrich Pestalozzi,male,Lienhard,Lienhard und Getrud,,1783,,1783,2009,,,,,,txt,,https://www.deutschestextarchiv.de/book/show/pestalozzi_lienhard03_1785,urn:nbn:de:kobv:b4-200905197280,,,,,,,,,,,,,"
"Pestalozzi_Lienhard,Pestalozzi_Lienhard4,dta,""Göttingen SUB, DD90 A 33276 RARA"",Pestalozzi,1746,1827,Johann Heinrich Pestalozzi,male,Lienhard,Lienhard und Getrud,,1787,,1787,2010,,,,,,txt,,https://www.deutschestextarchiv.de/book/show/pestalozzi_lienhard04_1787,urn:nbn:de:kobv:b4-16887-2,,,,,,,,,,,,,"
Pichler_Agathokles,Pichler_Agathokles,textgrid,hdl:11858/00-1734-0000-0004-74AD-C,Pichler,1769,1843,Caroline Pichler,female,Agathokles,Agathokles,,1808,,1828,2012,,,,,,txt,,https://hdl.handle.net/11858/00-1734-0000-0004-74B2-D,,,,,,,,,,,,,,
"Rudolphi_Gemälde,Rudolphi_Gemälde1,dta,""BSB München, Paed.th. 4842-1"",Rudolphi,1753,1811,Caroline Christiane Louise Rudolphi,female,Gemälde,Gemälde weiblicher Erziehung,,1807,,1807,2014,,,,,,txt,,https://www.deutschestextarchiv.de/book/show/rudolphi_erziehung01_1807,urn:nbn:de:kobv:b4-25091-2,,,,,,,,,,,,,"
"Rudolphi_Gemälde,Rudolphi_Gemälde2,dta,""BSB München, Paed.th. 4842-2"",Rudolphi,1753,1811,Caroline Christiane Louise Rudolphi,female,Gemälde,Gemälde weiblicher Erziehung,,1807,,1807,2014,,,,,,txt,,https://www.deutschestextarchiv.de/book/show/rudolphi_erziehung02_1807,urn:nbn:de:kobv:b4-25090-7,,,,,,,,,,,,,"
"Schiller_Geisterseher,Schiller_Geisterseher,dta,""SBB-PK, 19 ZZ 8142"",Schiller,1759,1805,Friedrich Schiller,male,Geisterseher,Die Geisterseher. Eine Geschichte aus den Memoires des Grafen von O**,,1789,,1789,2008,,,,,,txt,,https://www.deutschestextarchiv.de/book/show/schiller_geisterseher_1789,urn:nbn:de:kobv:b4-200905195372,,,,,,,,,,,,,"
Schilling_Denkwürdigkeiten,Schilling_Denkwürdigkeiten,textgrid,hdl:11858/00-1734-0000-0004-D12D-B,Schilling,1766,1839,Friedrich Gustav Schilling,male,Denkwürdigkeiten,Die Denkwürdigkeiten des Herrn v. H.,,1786,,1966,2012,,,,,,txt,,https://hdl.handle.net/11858/00-1734-0000-0004-D12C-D,,,,,,,,,,,,,,
"Schlegel_D_Florentin,Schlegel_D_Florentin,dta,""BSB München, P.o.germ. 1296 m-1"",Schlegel,1764,1839,Dorothea Schlegel,female,Florentin,Florentin,,1801,,1801,2014,,,,,,txt,,https://www.deutschestextarchiv.de/book/show/veitschlegel_florentin_1801,urn:nbn:de:kobv:b4-25088-1,,,,,,,,,,,,,"
"Schlegel_F_Lucinde,Schlegel_F_Lucinde,dta,""BBAW, Sc 28535"",Schlegel,1772,1829,Friedrich Schlegel,male,Lucinde,Lucinde,,1799,,1799,2007,,,,,,txt,,https://www.deutschestextarchiv.de/book/show/schlegel_lucinde_1799,urn:nbn:de:kobv:b4-200905195421,,,,,,,,,,,,,"
Schopenhauer_Gabriele,Schopenhauer_Gabriele,textgrid,hdl:11858/00-1734-0000-0004-EFB6-8,Schopenhauer,1766,1838,Johanna Schopenhauer,female,Gabriele,Gabriele. Ein Roman in drei Teilen,,1821,1819,1821,,,,,,,txt,,https://hdl.handle.net/11858/00-1734-0000-0004-EFB6-8,,,,,,,,,,,,,,
"Schummel_Reisen,Schummel_Reisen_1,MDZ,BSB-ID 1841229,Schummel,1748,1783,Johann Gottlieb Schummel,male,Reisen,Empfindsame Reisen durch Deutschland,,1771,,1771,,,,,,,PDF/DaFo/OCR-Text,,""https://www.digitale-sammlungen.de/de/view/bsb10119992?q=%28%22empfindsame+reisen%22%29&page=,1"",urn:nbn:de:bvb:12-bsb10119992-8,,,,,,,,,,,,,"
"Schummel_Reisen,Schummel_Reisen_2,MDZ,BSB-ID 1841230,Schummel,1748,1783,Johann Gottlieb Schummel,male,Reisen,Empfindsame Reisen durch Deutschland,,1771,,1771,,,,,,,PDF/DaFo/OCR-Text,,""https://www.digitale-sammlungen.de/de/view/bsb10119993?q=%28%22empfindsame+reisen%22%29&page=,1"",urn:nbn:de:bvb:12-bsb10119993-4,,,,,,,,,,,,,"
"Schummel_Reisen,Schummel_Reisen_3,MDZ,BSB-ID 1841231,Schummel,1748,1783,Johann Gottlieb Schummel,male,Reisen,Empfindsame Reisen durch Deutschland,,1772,,1772,,,,,,,PDF/DaFo/OCR-Text,,""https://www.digitale-sammlungen.de/de/view/bsb10119994?q=%28%22empfindsame+reisen%22%29&page=,1"",urn:nbn:de:bvb:12-bsb10119994-9,,,,,,,,,,,,,"
"Spiess_Biographien,Spiess_Biographien1,dta,""SBB-PK, 19 ZZ 8704-1"",Spiess,1755,1799,Christian Heinrich Spiess,male,Biographien,Biographien der Wahnsinnigen,,1796,,1796,2008,,,,,,txt,,https://www.deutschestextarchiv.de/book/show/spiess_biographien01_1796,urn:nbn:de:kobv:b4-200905197393,,,,,,,,,,,,,"
"Spiess_Biographien,Spiess_Biographien2,dta,""SBB-PK, 19 ZZ 8704-2"",Spiess,1755,1799,Christian Heinrich Spiess,male,Biographien,Biographien der Wahnsinnigen,,1796,,1796,2008,,,,,,txt,,https://www.deutschestextarchiv.de/book/show/spiess_biographien02_1796,urn:nbn:de:kobv:b4-200905197401,,,,,,,,,,,,,"
"Spiess_Biographien,Spiess_Biographien3,dta,""SBB-PK, 19 ZZ 8817-3"",Spiess,1755,1799,Christian Heinrich Spiess,male,Biographien,Biographien der Wahnsinnigen,,1796,,1796,2008,,,,,,txt,,https://www.deutschestextarchiv.de/book/show/spiess_biographien03_1796,urn:nbn:de:kobv:b4-200905197410,,,,,,,,,,,,,"
"Spiess_Biographien,Spiess_Biographien4,dta,""SBB-PK, 19 ZZ 8817-4"",Spiess,1755,1799,Christian Heinrich Spiess,male,Biographien,Biographien der Wahnsinnigen,,1796,,1796,2008,,,,,,txt,,https://www.deutschestextarchiv.de/book/show/spiess_biographien04_1796,urn:nbn:de:kobv:b4-200905197423,,,,,,,,,,,,,"
Thümmel_Reise,Thümmel_Reise,textgrid,hdl:11858/00-1734-0000-0005-52DC-1,Thümmel,1738,1817,Moritz August von Thümmel,male,Reise,Reise in die mittäglichen Provinzen von Frankreich im Jahr 1785 bis 1786,,1791-1805,,1880,2012,,,,,,txt,,https://textgridrep.org/browse/wcqt_0,,,,,,,,,,,,,,
Thümmel_Wilhelmine,Thümmel_Wilhelmine,textgrid,hdl:11858/00-1734-0000-0005-52DA-5,Thümmel,1738,1817,Moritz August von Thümmel,male,Wilhelmine,Wilhelmine,,1764,,1880,2012,,,,,,txt,,https://hdl.handle.net/11858/00-1734-0000-0005-52DA-5,,,,,,,,,,,,,,
"Tieck_Franz,Tieck_Franz1,dta,""SBB-PK, Yw 3951-1<a> R"",Tieck,1773,1853,Ludwig Tieck,male,Franz,Franz Sternbalds Wanderungen,,1798,,1798,2008,,,,,,txt,,https://www.deutschestextarchiv.de/book/show/tieck_sternbald01_1798,urn:nbn:de:kobv:b4-200905196296,,,,,,,,,,,,,"
"Tieck_Franz,Tieck_Franz2,dta,""SBB-PK, Yw 3951-2<a> R"",Tieck,1773,1853,Ludwig Tieck,male,Franz,Franz Sternbalds Wanderungen,,1798,,1798,2008,,,,,,txt,,https://www.deutschestextarchiv.de/book/show/tieck_sternbald02_1798,urn:nbn:de:kobv:b4-200905196304,,,,,,,,,,,,,"
"Tieck_William,Tieck_William1,dta,""SBB-PK, Yw 3891-1<a> R"",Tieck,1773,1853,Ludwig Tieck,male,William,William Lovell,,1795,,1795,2008,,,,,,txt,,https://www.deutschestextarchiv.de/book/show/tieck_lovell01_1795,urn:nbn:de:kobv:b4-200905196233,,,,,,,,,,,,,"
"Tieck_William,Tieck_William2,dta,""SBB-PK, Yw 3891-2<a> R"",Tieck,1773,1853,Ludwig Tieck,male,William,William Lovell,,1796,,1796,2008,,,,,,txt,,https://www.deutschestextarchiv.de/book/show/tieck_lovell02_1796,urn:nbn:de:kobv:b4-200905196249,,,,,,,,,,,,,"
"Tieck_William,Tieck_William3,dta,""SBB-PK, Yw 3891-3<a> R"",Tieck,1773,1853,Ludwig Tieck,male,William,William Lovell,,1796,,1796,2008,,,,,,txt,,https://www.deutschestextarchiv.de/book/show/tieck_lovell03_1796,urn:nbn:de:kobv:b4-200905196252,,,,,,,,,,,,,"
"Troeltsch_Friedensbothe,Troeltsch_Friedensbothe,MDZ,BSB-ID 11742603,Troeltsch,1729,1804,Karl Friedrich Troeltsch,male,Friedensbothe,Der aufgefangene Friedensbothe oder Vertraute Briefe über das dermalige Friedenswerk,,1761,,1761,,,,,,,PDF/DaFo/OCR-Text,,""https://www.digitale-sammlungen.de/de/view/bsb10668367?page=,1"",urn:nbn:de:bvb:12-bsb10668367-1,,,,,,,,,,,,,"
Unger_Albert,Unger_Albert,textgrid,hdl:11858/00-1734-0000-0005-7248-9,Unger,1741,1813,Friederike Helene Unger,female,Albert,Albert und Albertine,,1804,,1804,2012,,,,,,txt,,https://hdl.handle.net/11858/00-1734-0000-0005-7247-B,,,,,,,,,,,,,,
Unger_Bekenntnisse,Unger_Bekenntnisse,textgrid,hdl:11858/00-1734-0000-0005-724C-1,Unger,1741,1813,Friederike Helene Unger,female,Bekenntnisse,Bekenntnisse einer schönen Seele,,1806,,1806,2012,,,,,,txt,,https://hdl.handle.net/11858/00-1734-0000-0005-724B-3,,,,,,,,,,,,,,
Unger_Julchen,Unger_Julchen,textgrid,hdl:11858/00-1734-0000-0005-7250-6,Unger,1741,1813,Friederike Helene Unger,female,Julchen,Julchen Grünthal,,1798,,1798,2012,,,,,,txt,,https://hdl.handle.net/11858/00-1734-0000-0005-724F-C,,,,,,,,,,,,,,
"Voß_Ini,Voß_Ini,dta,""SBB-PK, Yw 6737<a>"",Voß,1768,1832,Julius von Voß,male,Ini,Ini. Ein Roman aus dem ein und zwanzigsten Jahrhundert,,1810,,1810,2008,,,,,,txt,,https://www.deutschestextarchiv.de/book/show/voss_ini_1810,,,,,,,,,,,,,,"
Vulpius_Rinaldo,Vulpius_Rinaldo,textgrid,hdl:11858/00-1734-0000-0005-895B-6,Vulpius,1762,1828,Christian August Vulpis,male,Rinaldo,Rinaldo Rinaldini der Räuberhauptmann. Romantische Geschichte,,1799,,1980,2012,,,,,,txt,,https://hdl.handle.net/11858/00-1734-0000-0005-895D-2,,,,,,,,,,,,,,
"Wallenrodt_Fritz,Wallenrodt_Fritz1,dta,""ULB Halle, Goe 3114 (1)"",Wallenrodt,1740,1819,Johanna Isabella Eleonore von Wallenrodt,female,Fritz,""Fritz, der Mann wie er nicht seyn sollte oder die Folgen einer üblen Erziehung. Ein unterhaltender Roman von ihm selbst erzählt"",,1800,,1800,2014,,,,,,txt,,https://www.deutschestextarchiv.de/book/show/wallenrodt_fritz01_1800,urn:nbn:de:kobv:b4-25086-2,,,,,,,,,,,,,"
"Wallenrodt_Fritz,Wallenrodt_Fritz2,dta,""ULB Halle, Goe 3114 (2)"",Wallenrodt,1740,1819,Johanna Isabella Eleonore von Wallenrodt,female,Fritz,""Fritz, der Mann wie er nicht seyn sollte oder die Folgen einer üblen Erziehung. Ein unterhaltender Roman von ihm selbst erzählt"",,1800,,1800,2014,,,,,,txt,,https://www.deutschestextarchiv.de/book/show/wallenrodt_fritz02_1800,urn:nbn:de:kobv:b4-25087-7,,,,,,,,,,,,,"
"Wezel_Belphegor,Wezel_Belphegor1,dta,""Berlin SBB-PK, Yv 9300-1"",Wezel,1747,1819,Johann Karl Wezel,male,Belphegor,""Belphegor, oder die wahrscheinlichste Geschichte unter der Sonne"",,1776,,1776,2011,,,,,,txt,,https://www.deutschestextarchiv.de/book/show/wezel_belphegor01_1776,urn:nbn:de:kobv:b4-20649-1,,,,,,,,,,,,,"
"Wezel_Belphegor,Wezel_Belphegor2,dta,""Berlin SBB-PK, Yv 9300-2"",Wezel,1747,1819,Johann Karl Wezel,male,Belphegor,""Belphegor, oder die wahrscheinlichste Geschichte unter der Sonne"",,1776,,1776,2011,,,,,,txt,,https://www.deutschestextarchiv.de/book/show/wezel_belphegor02_1776,urn:nbn:de:kobv:b4-20648-8,,,,,,,,,,,,,"
Wezel_Hermann,Wezel_Hermann,textgrid,hdl:11858/00-1734-0000-0005-A53D-8,Wezel,1747,1819,Johann Karl Wezel,male,Hermann,Hermann und Ulrike,,1780,,1980,2012,,,,,,txt,,https://hdl.handle.net/11858/00-1734-0000-0005-A53D-8,,,,,,,,,,,,,,
Wezel_Kakerlak,Wezel_Kakerlak,textgrid,hdl:11858/00-1734-0000-0005-A544-7,Wezel,1747,1819,Johann Karl Wezel,male,Kakerlak,Kakerlak oder die Geschichte eines Rosenkreuzers,,1784,,1984,2012,,,,,,txt,,https://hdl.handle.net/11858/00-1734-0000-0005-A544-7,,,anonym erschienen,,,,,,,,,,,
Wieland_Geschichten,Wieland_Geschichten,textgrid,hdl:11858/00-1734-0000-0005-A6B8-A,Wieland,1733,1813,Christoph Martin Wieland,male,Abderiten,Geschichte des Abderiten,,[1780],[1773-1779],1781,2012,,,,,,txt,,https://hdl.handle.net/11858/00-1734-0000-0005-A6B9-8,,,,,,,,,,,,,,
"Wieland_Agathon,Wieland_Agathon1,dta,""BBAW, 2008 B 71 - 1/2"",Wieland,1733,1813,Christoph Martin Wieland,male,Agathon,Geschichte des Agathon,,1766,,1766,2011,,,,,,txt,,https://www.deutschestextarchiv.de/book/show/wieland_agathon01_1766,urn:nbn:de:kobv:b4-20651-0,,,,,,,,,,,,,"
"Wieland_Agathon,Wieland_Agathon2,dta,""BBAW, 2008 B 71 - 1/2"",Wieland,1733,1813,Christoph Martin Wieland,male,Agathon,Geschichte des Agathon,,1767,,1767,2011,,,,,,txt,,https://www.deutschestextarchiv.de/book/show/wieland_agathon02_1767,urn:nbn:de:kobv:b4-20650-5,,,,,,,,,,,,,"
Wieland_Aristipp,Wieland_Aristipp,textgrid,hdl:11858/00-1734-0000-0005-A686-B,Wieland,1733,1813,Christoph Martin Wieland,male,Aristipp,Aristipp und einige seiner Zeitgenossen,,1800-1801,,1839,2012,,,,,,txt,,https://hdl.handle.net/11858/00-1734-0000-0005-A686-B,,,Erstdruck in 4 einzelnen Bänden zwischen 1800 und 1801 erschienen,,,,,,,,,,,
Wieland_Goldne,Wieland_Goldne,textgrid,hdl:11858/00-1734-0000-0005-A67D-1,Wieland,1733,1813,Christoph Martin Wieland,male,Goldne,Der goldne Spiegel oder Die Könige von Scheschian,,1772,,1979,2012,,,,,,txt,,https://hdl.handle.net/11858/00-1734-0000-0005-A67D-1,,,,,,,,,,,,,,
Wieland_Peregrinus,Wieland_Peregrinus,textgrid,hdl:11858/00-1734-0000-0005-A6EA-9,Wieland,1733,1813,Christoph Martin Wieland,male,Peregrinus,Peregrinus Proteus,,1791,,1839,2012,,,,,,txt,,https://hdl.handle.net/11858/00-1734-0000-0005-A6EA-9,,,,,,,,,,,,,,
Wieland_Sieg,Wieland_Sieg,textgrid,hdl:11858/00-1734-0000-0005-A6E5-4,Wieland,1733,1813,Christoph Martin Wieland,male,Sieg,Der Sieg der Natur über die Schwärmerei oder Die Abenteuer des Don Sylvio von Roslava,,1764,,1964,2012,,,,,,txt,,https://hdl.handle.net/11858/00-1734-0000-0005-A6E5-4,,,,,,,,,,,,,,
"Wobeser_Elisa,Wobeser_Elisa,textgrid,hdl:11858/00-1734-0000-0005-AA08-7,Wobeser,1769,1807,Wilhelmine Karoline von Wobeser,female,Elisa,""Elisa, oder das Weib wie es seyn sollte"",,1795,,,2012,,,,,,txt,,https://hdl.handle.net/11858/00-1734-0000-0005-AA0A-3,,,,,,,,,,,,,,"
Wolzogen_Agnes,Wolzogen_Agnes,textgrid,hdl:11858/00-1734-0000-0005-AAE1-E,Wolzogen,1763,1847,Caroline von Wolzogen,female,Agnes,Agnes von Lilien,,1798,[1793-1798],1798,2012,,,,,,txt,,https://hdl.handle.net/11858/00-1734-0000-0005-AADB-D,,,,,,,,,,,,,,
Zschokke_Goldmacherdorf,Zschokke_Goldmacherdorf,textgrid,hdl:11858/00-1734-0000-0005-BCB6-A,Zschokke,1771,1848,Heinrich Zschokke,male,Goldmacherdorf,Das Goldmacherdorf,,1817,,1857,2012,,,,,,txt,,https://hdl.handle.net/11858/00-1734-0000-0005-BCBA-2,,,,,,,,,,,,,,
